{"cameraMode":{"drawMode":0,"name":"Shaded","section":"Shading Mode"},"sceneLighting":true,"audioPlay":false,"sceneViewState":{"m_AlwaysRefresh":false,"showFog":true,"showSkybox":true,"showFlares":true,"showImageEffects":true,"showParticleSystems":true,"showVisualEffectGraphs":true,"m_FxEnabled":true},"in2DMode":false,"pivot":{"x":56.37582015991211,"y":-15.899735450744629,"z":-3.013885498046875},"rotation":{"x":-0.2638472020626068,"y":-0.0005674344720318914,"z":0.00016722684085834771,"w":-0.9645954370498657},"size":31.641056060791017,"orthographic":false}